1,pupsor.com
2,rixbi.com
3,pix.am
4,ya.ru
1,google.com
2,facebook.com
3,youtube.com
4,yahoo.com
5,blogspot.com
6,baidu.com
7,wikipedia.org
8,live.com
9,twitter.com
10,qq.com
11,msn.com
12,yahoo.co.jp
13,linkedin.com
14,google.co.in
15,taobao.com
16,sina.com.cn
17,amazon.com
18,wordpress.com
19,google.com.hk
20,google.de
21,ebay.com
22,yandex.ru
23,google.co.uk
24,bing.com
25,google.co.jp
26,google.fr
27,163.com
28,microsoft.com
29,paypal.com
30,google.com.br
31,weibo.com
32,flickr.com
33,mail.ru
34,googleusercontent.com
35,craigslist.org
36,apple.com
37,fc2.com
38,google.it
39,imdb.com
40,google.ru
41,vkontakte.ru
42,google.es
43,bbc.co.uk
44,sohu.com
45,ask.com
46,tumblr.com
47,livejasmin.com
48,xvideos.com
49,soso.com
50,youku.com
51,go.com
52,bp.blogspot.com
53,ifeng.com
54,cnn.com
55,tudou.com
56,google.ca
57,google.com.mx
58,aol.com
59,xhamster.com
60,conduit.com
61,mediafire.com
62,zedo.com
63,megaupload.com
64,pornhub.com
65,godaddy.com
66,google.co.id
67,ameblo.jp
68,adobe.com
69,about.com
70,wordpress.org
71,alibaba.com
72,4shared.com
73,ebay.de
74,rakuten.co.jp
75,livedoor.com
76,livejournal.com
77,youporn.com
78,cnet.com
79,google.com.tr
80,espn.go.com
81,google.com.au
82,uol.com.br
83,chinaz.com
84,google.pl
85,thepiratebay.org
86,renren.com
87,huffingtonpost.com
88,babylon.com
89,myspace.com
90,nytimes.com
91,ebay.co.uk
92,netflix.com
93,alipay.com
94,doubleclick.com
95,tmall.com
96,amazon.de
97,addthis.com
98,cnzz.com
99,dailymotion.com
100,google.com.sa
101,imgur.com
102,odnoklassniki.ru
103,stumbleupon.com
104,twitpic.com
105,globo.com
106,orkut.com.br
107,google.nl
108,megaclick.com
109,tube8.com
110,orkut.com
111,amazon.co.jp
112,badoo.com
113,tianya.cn
114,secureserver.net
115,hao123.com
116,weather.com
117,douban.com
118,goo.ne.jp
119,stackoverflow.com
120,sogou.com
121,xnxx.com
122,reddit.com
123,filestube.com
124,imageshack.us
125,deviantart.com
126,photobucket.com
127,vimeo.com
128,360buy.com
129,fileserve.com
130,dailymail.co.uk
131,yieldmanager.com
132,redtube.com
133,pengyou.com
134,amazon.co.uk
135,google.com.ar
136,aweber.com
137,warriorforum.com
138,58.com
139,taringa.net
140,megavideo.com
141,google.cn
142,spiegel.de
143,torrentz.eu
144,google.com.eg
145,google.co.th
146,google.com.pk
147,mixi.jp
148,xinhuanet.com
149,yfrog.com
150,bankofamerica.com
151,digg.com
152,ehow.com
153,maktoob.com
154,amazonaws.com
155,indiatimes.com
156,rapidshare.com
157,filesonic.com
158,sourceforge.net
159,mashable.com
160,optmd.com
161,fbcdn.net
162,avg.com
163,nicovideo.jp
164,clicksor.com
165,download.com
166,statcounter.com
167,rediff.com
168,google.co.za
169,guardian.co.uk
170,ucoz.ru
171,yelp.com
172,naver.com
173,liveinternet.ru
174,rambler.ru
175,adf.ly
176,ringtonepartner.com
177,hotfile.com
178,youjizz.com
179,wikimedia.org
180,techcrunch.com
181,reference.com
182,ganji.com
183,foxnews.com
184,chase.com
185,skype.com
186,56.com
187,bild.de
188,files.wordpress.com
189,booking.com
190,onet.pl
191,w3schools.com
192,wikia.com
193,blogfa.com
194,ameba.jp
195,people.com.cn
196,zol.com.cn
197,etsy.com
198,kaixin001.com
199,digitalpoint.com
200,ku6.com
201,archive.org
202,comcast.net
203,domaintools.com
204,terra.com.br
205,clickbank.com
206,typepad.com
207,mozilla.com
208,google.com.my
209,reuters.com
210,free.fr
211,allegro.pl
212,google.be
213,wsj.com
214,answers.com
215,hootsuite.com
216,repubblica.it
217,tribalfusion.com
218,salesforce.com
219,soufun.com
220,hostgator.com
221,adultfriendfinder.com
222,qiyi.com
223,scribd.com
224,orange.fr
225,xunlei.com
226,squidoo.com
227,mywebsearch.com
228,soku.com
229,google.gr
230,walmart.com
231,telegraph.co.uk
232,youdao.com
233,narod.ru
234,google.com.vn
235,tripadvisor.com
236,php.net
237,search-results.com
238,groupon.com
239,51.la
240,ezinearticles.com
241,hatena.ne.jp
242,kaskus.us
243,google.co.ve
244,web.de
245,wupload.com
246,libero.it
247,cam4.com
248,match.com
249,gmx.net
250,china.com
251,leboncoin.fr
252,csdn.net
253,slideshare.net
254,netlog.com
255,wretch.cc
256,hp.com
257,dell.com
258,hulu.com
259,joomla.org
260,wellsfargo.com
261,google.com.tw
262,linkwithin.com
263,rutracker.org
264,pgmediaserve.com
265,google.com.ua
266,twimg.com
267,google.at
268,hudong.com
269,cj.com
270,isohunt.com
271,in.com
272,google.se
273,360.cn
274,tagged.com
275,themeforest.net
276,outbrain.com
277,wp.pl
278,opendns.com
279,plentyoffish.com
280,google.com.co
281,xing.com
282,orkut.co.in
283,google.ro
284,ning.com
285,google.ch
286,seesaa.net
287,daum.net
288,nifty.com
289,icio.us
290,126.com
291,paipai.com
292,target.com
293,dropbox.com
294,10086.cn
295,usps.com
296,constantcontact.com
297,pconline.com.cn
298,kat.ph
299,2ch.net
300,espncricinfo.com
301,wordreference.com
302,homeway.com.cn
303,ups.com
304,google.pt
305,fiverr.com
306,google.com.ph
307,lockerz.com
308,marca.com
309,facemoods.com
310,mozilla.org
311,ikea.com
312,xtendmedia.com
313,instagr.am
314,thefreedictionary.com
315,dianping.com
316,metacafe.com
317,latimes.com
318,spankwire.com
319,hardsextube.com
320,depositfiles.com
321,istockphoto.com
322,zimbio.com
323,sparkstudios.com
324,goal.com
325,ig.com.br
326,uimserv.net
327,ign.com
328,corriere.it
329,angege.com
330,mlb.com
331,bitly.com
332,softonic.com
333,biglobe.ne.jp
334,google.cl
335,51job.com
336,mop.com
337,yesky.com
338,kakaku.com
339,google.com.ng
340,ebay.it
341,xe.com
342,seznam.cz
343,amazon.cn
344,google.com.sg
345,google.com.pe
346,w3.org
347,ynet.com
348,pandora.com
349,expedia.com
350,freelancer.com
351,imagevenue.com
352,businessinsider.com
353,elance.com
354,webs.com
355,engadget.com
356,t-online.de
357,baixing.com
358,elpais.com
359,keezmovies.com
360,histats.com
361,tradedoubler.com
362,weebly.com
363,samsung.com
364,searchqu.com
365,sakura.ne.jp
366,att.com
367,indeed.com
368,hubpages.com
369,soundcloud.com
370,bestbuy.com
371,over-blog.com
372,huanqiu.com
373,kooora.com
374,washingtonpost.com
375,nih.gov
376,google.ae
377,partypoker.com
378,mercadolivre.com.br
379,ebay.com.au
380,4399.com
381,ero-advertising.com
382,admin5.com
383,leo.org
384,tmz.com
385,rr.com
386,google.co.kr
387,btjunkie.org
388,eastmoney.com
389,milliyet.com.tr
390,forbes.com
391,amung.us
392,love21cn.com
393,alimama.com
394,vnexpress.net
395,drupal.org
396,android.com
397,softpedia.com
398,multiply.com
399,hurriyet.com.tr
400,google.co.hu
401,comcast.com
402,google.ie
403,drtuber.com
404,elmundo.es
405,feedburner.com
406,gazeta.pl
407,gamespot.com
408,snapdeal.com
409,sitesell.com
410,autohome.com.cn
411,dangdang.com
412,chinanews.com
413,myegy.com
414,letitbit.net
415,39.net
416,zynga.com
417,pornhublive.com
418,bluehost.com
419,lashou.com
420,inetglobal.com
421,odesk.com
422,basecamphq.com
423,commentcamarche.net
424,people.com
425,dmm.co.jp
426,livedoor.biz
427,lenta.ru
428,mailchimp.com
429,mynet.com
430,blackhatworld.com
431,drudgereport.com
432,americanexpress.com
433,camzap.com
434,google.dk
435,51.com
436,cntv.cn
437,abcnews.go.com
438,time.com
439,rbc.ru
440,bloomberg.com
441,jquery.com
442,virgilio.it
443,skyrock.com
444,youm7.com
445,discuz.net
446,mihanblog.com
447,tinypic.com
448,google.no
449,naukri.com
450,vmn.net
451,fedex.com
452,zing.vn
453,shutterstock.com
454,meituan.com
455,usatoday.com
456,livingsocial.com
457,slutload.com
458,seomoz.org
459,tweetmeme.com
460,thesun.co.uk
461,ebay.fr
462,mpnrs.com
463,neobux.com
464,meetup.com
465,qidian.com
466,hi5.com
467,vancl.com
468,hc360.com
469,tom.com
470,sape.ru
471,geocities.jp
472,exoclick.com
473,miniclip.com
474,shareasale.com
475,posterous.com
476,pogo.com
477,imesh.com
478,traforet.ru
479,surveymonkey.com
480,mapquest.com
481,gutefrage.net
482,cocolog-nifty.com
483,justin.tv
484,verycd.com
485,pchome.net
486,exblog.jp
487,ziddu.com
488,ibm.com
489,qip.ru
490,verizonwireless.com
491,google.co.il
492,google.fi
493,bigpoint.com
494,gotomeeting.com
495,gsmarena.com
496,vk.com
497,duowan.com
498,zhaopin.com
499,chip.de
500,news.com.au
501,ya.ru
502,newegg.com
503,google.cz
504,fatakat.com
505,coupons.com
506,multiupload.com
507,media.tumblr.com
508,aizhan.com
509,com-net.info
510,glispa.com
511,way2sms.com
512,yomiuri.co.jp
513,brothersoft.com
514,exoplanetwar.com
515,extratorrent.com
516,wo.com.cn
517,bitauto.com
518,altervista.org
519,cbsnews.com
520,imagebam.com
521,hdfcbank.com
522,careerbuilder.com
523,videobb.com
524,arpg2.com
525,demonoid.me
526,gc.ca
527,wunderground.com
528,xvideoslive.com
529,oracle.com
530,bearshare.com
531,wetter.com
532,ustream.tv
533,swagbucks.com
534,github.com
535,docin.com
536,dmoz.org
537,letmewatchthis.ch
538,ocn.ne.jp
539,it168.com
540,mybrowserbar.com
541,aljazeera.net
542,mercadolibre.com.mx
543,hypergames.net
544,peyvandha.ir
545,fotolia.com
546,detik.com
547,so-net.ne.jp
548,habrahabr.ru
549,mobile.de
550,xcar.com.cn
551,yandex.ua
552,lemonde.fr
553,115.com
554,tabelog.com
555,immobilienscout24.de
556,pcpop.com
557,monster.com
558,asahi.com
559,smashingmagazine.com
560,formspring.me
561,uploadstation.com
562,speedtest.net
563,sinaimg.cn
564,appspot.com
565,sitemeter.com
566,ovh.net
567,who.is
568,informer.com
569,pptv.com
570,kinopoisk.ru
571,zillow.com
572,hotels.com
573,tnaflix.com
574,kijiji.ca
575,last.fm
576,seobook.com
577,oneindia.in
578,foursquare.com
579,blackberry.com
580,battle.net
581,excite.co.jp
582,abril.com.br
583,macrumors.com
584,gougou.com
585,nu.nl
586,grooveshark.com
587,templatemonster.com
588,allrecipes.com
589,disney.go.com
590,clixsense.com
591,jugem.jp
592,tutsplus.com
593,amazon.fr
594,qq937.com
595,linksynergy.com
596,softlayer.com
597,beeg.com
598,as.com
599,enterfactory.com
600,cnblogs.com
601,priceline.com
602,mgid.com
603,theplanet.com
604,verizon.com
605,www.net.cn
606,irctc.co.in
607,urbandictionary.com
608,getresponse.com
609,lequipe.fr
610,admagnet.net
611,jimdo.com
612,mercadolibre.com.ar
613,wix.com
614,dtiblog.com
615,yellowpages.com
616,webmd.com
617,nextag.com
618,okcupid.com
619,anonym.to
620,iloveyouxi.com
621,infusionsoft.com
622,icontact.com
623,9kele.com
624,cashtrafic.com
625,wired.com
626,lifehacker.com
627,google.co.ma
628,networkedblogs.com
629,cracked.com
630,infolinks.com
631,capitalone.com
632,7k7k.com
633,gizmodo.com
634,paper.li
635,pinterest.com
636,hubspot.com
637,backpage.com
638,nate.com
639,pch.com
640,4tube.com
641,sulekha.com
642,oron.com
643,sapo.pt
644,viadeo.com
645,webmasterworld.com
646,nasa.gov
647,aliexpress.com
648,rottentomatoes.com
649,force.com
650,megaporn.com
651,19lou.com
652,am10.ru
653,ebay.in
654,boston.com
655,break.com
656,makepolo.com
657,warez-bb.org
658,retailmenot.com
659,whitepages.com
660,icicibank.com
661,cnbc.com
662,weather.com.cn
663,iciba.com
664,blogimg.jp
665,varzesh3.com
666,beemp3.com
667,sahibinden.com
668,tripod.com
669,ndtv.com
670,ibibo.com
671,t.co
672,pixiv.net
673,mysql.com
674,clickbank.net
675,manta.com
676,persianblog.ir
677,gismeteo.ru
678,xtube.com
679,homedepot.com
680,infoseek.co.jp
681,ekolay.net
682,letv.com
683,flippa.com
684,enet.com.cn
685,hoopchina.com
686,timeanddate.com
687,google.sk
688,icbc.com.cn
689,scriptmafia.org
690,java.com
691,heise.de
692,2345.com
693,sanook.com
694,eluniversal.com.mx
695,hyves.nl
696,interia.pl
697,lefigaro.fr
698,moneycontrol.com
699,adultadworld.com
700,searchengines.ru
701,msn.ca
702,focus.cn
703,dantri.com.vn
704,filehippo.com
705,linkbucks.com
706,barnesandnoble.com
707,issuu.com
708,southwest.com
709,pcworld.com
710,realtor.com
711,yhchuanqi.com
712,ypmate.com
713,nk.pl
714,xda-developers.com
715,custhelp.com
716,wn.com
717,kayak.com
718,marketwatch.com
719,webmoney.ru
720,slickdeals.net
721,zanox-affiliate.de
722,mtime.com
723,iminent.com
724,empflix.com
725,dreamstime.com
726,cnbeta.com
727,asg.to
728,foxsports.com
729,smh.com.au
730,itau.com.br
731,youboy.com
732,ca.gov
733,wikihow.com
734,adult-empire.com
735,onlinedown.net
736,businessweek.com
737,searchresultsdirect.com
738,123rf.com
739,manzuo.com
740,radikal.ru
741,ucoz.com
742,dyndns.org
743,bodybuilding.com
744,babycenter.com
745,4chan.org
746,accuweather.com
747,trafficholder.com
748,allocine.fr
749,alphaporno.com
750,pornhost.com
751,tuenti.com
752,17173.com
753,klout.com
754,rtl.de
755,mtv.com
756,haberturk.com
757,telegraaf.nl
758,orbitz.com
759,fifa.com
760,quikr.com
761,atwiki.jp
762,google.co.nz
763,inbox.com
764,overstock.com
765,okwave.jp
766,lzjl.com
767,sfgate.com
768,myfreecams.com
769,songs.pk
770,masrawy.com
771,youjizzlive.com
772,freeones.com
773,aftonbladet.se
774,bleacherreport.com
775,ahram.org.eg
776,cmbchina.com
777,ctrip.com
778,uploading.com
779,magentocommerce.com
780,usbank.com
781,tuan800.com
782,37see.com
783,articlesbase.com
784,me.com
785,1und1.de
786,cz.cc
787,qunar.com
788,sfr.fr
789,groupon.cn
790,sky.com
791,wiktionary.org
792,rakuten.ne.jp
793,discoverbing.com
794,taleo.net
795,dealextreme.com
796,elegantthemes.com
797,eyny.com
798,yiqifa.com
799,nypost.com
800,trulia.com
801,traidnt.net
802,steampowered.com
803,yocc.net
804,tubegalore.com
805,examiner.com
806,skycn.com
807,178.com
808,kompas.com
809,zhubajie.com
810,gamefaqs.com
811,nhk.or.jp
812,namecheap.com
813,searchengineland.com
814,nydailynews.com
815,howstuffworks.com
816,metrolyrics.com
817,google.com.kw
818,pagesjaunes.fr
819,td.com
820,goo.gl
821,alertpay.com
822,dict.cc
823,seriesyonkis.com
824,skysports.com
825,sdo.com
826,xyxy.net
827,sweetim.com
828,cbslocal.com
829,marktplaats.nl
830,picnik.com
831,ft.com
832,icq.com
833,zoho.com
834,pornerbros.com
835,jeuxvideo.com
836,m-w.com
837,putlocker.com
838,zendesk.com
839,made-in-china.com
840,pixnet.net
841,opera.com
842,fandango.com
843,ct10000.com
844,webhostingtalk.com
845,sears.com
846,justdial.com
847,mediaset.it
848,vg.no
849,logmein.com
850,vente-privee.com
851,aruba.it
852,hsbc.co.uk
853,nikkei.com
854,orf.at
855,seowhy.com
856,bahn.de
857,gap.com
858,iconfinder.com
859,pokerstrategy.com
860,exbii.com
861,zappos.com
862,ninemsn.com.au
863,mcssl.com
864,compete.com
865,npr.org
866,perezhilton.com
867,nokia.com
868,friendfeed.com
869,google.lk
870,nikkeibp.co.jp
871,earthlink.net
872,google.bg
873,6.cn
874,citibank.com
875,sponichi.co.jp
876,gazzetta.it
877,macys.com
878,vivanews.com
879,onetad.com
880,liveperson.net
881,fastclick.com
882,ultimate-guitar.com
883,movie2k.to
884,askmen.com
885,intuit.com
886,google.com.qa
887,woot.com
888,mail.com
889,sxc.hu
890,brazzers.com
891,foodnetwork.com
892,clarin.com
893,sueddeutsche.de
894,europa.eu
895,welt.de
896,17kuxun.com
897,marketgid.com
898,dafont.com
899,nipic.com
900,linternaute.com
901,allabout.co.jp
902,ikariam.com
903,cy2009.com
904,nikkansports.com
905,idnes.cz
906,streamate.com
907,sanspo.com
908,national-lottery.co.uk
909,linkhelper.cn
910,intel.com
911,gumtree.com
912,independent.co.uk
913,weiphone.com
914,sitepoint.com
915,shopathome.com
916,networksolutions.com
917,timesjobs.com
918,uploaded.to
919,sidereel.com
920,topix.com
921,dl4all.com
922,google.az
923,nationalgeographic.com
924,dhgate.com
925,quora.com
926,lowes.com
927,mainichi.jp
928,panoramio.com
929,nextmedia.com
930,forobeta.com
931,list-manage.com
932,technorati.com
933,lacaixa.es
934,sunporno.com
935,giveawayoftheday.com
936,incredimail.com
937,tinyurl.com
938,mangafox.com
939,hostmonster.com
940,pcmag.com
941,alice.it
942,lenovo.com
943,hidemyass.com
944,vistaprint.com
945,yoo7.com
946,laredoute.fr
947,fishki.net
948,modelmayhem.com
949,24h.com.vn
950,tiexue.net
951,prchecker.info
952,yimg.com
953,novinky.cz
954,blogsky.com
955,delta.com
956,docstoc.com
957,apache.org
958,patch.com
959,tenpay.com
960,baomihua.com
961,ip138.com
962,ads8.com
963,cloob.com
964,joy.cn
965,acesse.com
966,tf1.fr
967,tabnak.ir
968,icicibank.co.in
969,mangareader.net
970,cy-pr.com
971,gawker.com
972,smowtion.com
973,r7.com
974,virtapay.com
975,logsoku.com
976,makeuseof.com
977,norton.com
978,gamer.com.tw
979,cookpad.com
980,chicagotribune.com
981,usmagazine.com
982,subscene.com
983,multitran.ru
984,kongregate.com
985,postbank.de
986,21cn.com
987,google.kz
988,eventbrite.com
989,plimus.com
990,hawaaworld.com
991,domainsite.com
992,bigfishgames.com
993,airtelforum.com
994,naver.jp
995,alot.com
996,musica.com
